{
  "meta": {
    "generatedAt": "2026-03-18T04:06:03.374Z",
    "totalRuns": 60000,
    "seedsPerConfig": 3000,
    "floors": 24,
    "elapsedMs": 174220,
    "mode": "progression"
  },
  "controlBaselines": {
    "control-regular-asc0": {
      "runs": 3000,
      "survivalRate": 0.0026666666666666666,
      "avgFinalFloor": 14.567,
      "avgAccuracy": 0.36326643100591466,
      "avgMaxCombo": 6.323,
      "avgDPS": 20.109187649121004,
      "avgDamageTakenPerEnc": 11.221674909065092,
      "avgTurnsPerEncounter": 4.947696830459306,
      "avgGoldEarned": 1989.4553333333333,
      "avgGoldSpent": 503.6483333333333,
      "avgUpgrades": 1.6313333333333333,
      "avgShopRelicsPurchased": 0.746,
      "avgActiveSynergies": 0.0026666666666666666,
      "avgFoodPurchased": 0.981,
      "closeCallRate": 0,
      "overkillRate": 0,
      "avgMinHpReached": 0
    },
    "control-regular-asc5": {
      "runs": 3000,
      "survivalRate": 0.001,
      "avgFinalFloor": 11.612,
      "avgAccuracy": 0.35271327549507003,
      "avgMaxCombo": 5.736666666666666,
      "avgDPS": 19.36318017761286,
      "avgDamageTakenPerEnc": 13.592419377489124,
      "avgTurnsPerEncounter": 5.044913719026808,
      "avgGoldEarned": 1440.2076666666667,
      "avgGoldSpent": 424.8276666666667,
      "avgUpgrades": 2.667333333333333,
      "avgShopRelicsPurchased": 0.748,
      "avgActiveSynergies": 0.004333333333333333,
      "avgFoodPurchased": 0.8123333333333334,
      "closeCallRate": 0,
      "overkillRate": 0,
      "avgMinHpReached": 0
    },
    "control-regular-asc10": {
      "runs": 3000,
      "survivalRate": 0,
      "avgFinalFloor": 9.910666666666666,
      "avgAccuracy": 0.34573826191769363,
      "avgMaxCombo": 5.278,
      "avgDPS": 18.827980728543015,
      "avgDamageTakenPerEnc": 15.796382293186543,
      "avgTurnsPerEncounter": 4.841744995760352,
      "avgGoldEarned": 1146.212,
      "avgGoldSpent": 365.60633333333334,
      "avgUpgrades": 2.5986666666666665,
      "avgShopRelicsPurchased": 0.721,
      "avgActiveSynergies": 0.005,
      "avgFoodPurchased": 0.9893333333333333,
      "closeCallRate": 0,
      "overkillRate": 0,
      "avgMinHpReached": 0
    },
    "control-regular-asc15": {
      "runs": 3000,
      "survivalRate": 0,
      "avgFinalFloor": 4.497333333333334,
      "avgAccuracy": 0.3228158719984471,
      "avgMaxCombo": 2.9116666666666666,
      "avgDPS": 16.669664278137578,
      "avgDamageTakenPerEnc": 13.648308856125691,
      "avgTurnsPerEncounter": 4.249242655375435,
      "avgGoldEarned": 338.511,
      "avgGoldSpent": 159.14866666666666,
      "avgUpgrades": 2.0523333333333333,
      "avgShopRelicsPurchased": 0.44133333333333336,
      "avgActiveSynergies": 0.005666666666666667,
      "avgFoodPurchased": 0.4696666666666667,
      "closeCallRate": 0,
      "overkillRate": 0,
      "avgMinHpReached": 0
    },
    "control-regular-asc20": {
      "runs": 3000,
      "survivalRate": 0,
      "avgFinalFloor": 2.789,
      "avgAccuracy": 0.3111215595550406,
      "avgMaxCombo": 2.5473333333333334,
      "avgDPS": 15.767297007507516,
      "avgDamageTakenPerEnc": 9.882790824125642,
      "avgTurnsPerEncounter": 3.6665992843157587,
      "avgGoldEarned": 152.52433333333335,
      "avgGoldSpent": 60.584,
      "avgUpgrades": 1.4323333333333332,
      "avgShopRelicsPurchased": 0.25866666666666666,
      "avgActiveSynergies": 0.004333333333333333,
      "avgFoodPurchased": 0.462,
      "closeCallRate": 0,
      "overkillRate": 0,
      "avgMinHpReached": 0
    }
  },
  "soloRelicImpact": [],
  "comboAnalysis": [],
  "buildPerformance": [],
  "skillFairness": [],
  "progressionCurve": [
    {
      "stage": "progression-new_player-asc0",
      "ascension": 0,
      "relics": [
        "whetstone",
        "iron_buckler",
        "herbal_pouch"
      ],
      "metrics": {
        "runs": 3000,
        "survivalRate": 0.029666666666666668,
        "avgFinalFloor": 17.523,
        "avgAccuracy": 0.37195925846184136,
        "avgMaxCombo": 6.885,
        "avgDPS": 21.711161841208618,
        "avgDamageTakenPerEnc": 7.958981848871476,
        "avgTurnsPerEncounter": 4.976900669444962,
        "avgGoldEarned": 2641.513,
        "avgGoldSpent": 542.664,
        "avgUpgrades": 1.624,
        "avgShopRelicsPurchased": 0.0013333333333333333,
        "avgActiveSynergies": 0.001,
        "avgFoodPurchased": 1.1963333333333332,
        "closeCallRate": 0,
        "overkillRate": 0,
        "avgMinHpReached": 0
      }
    },
    {
      "stage": "progression-new_player-asc5",
      "ascension": 5,
      "relics": [
        "whetstone",
        "iron_buckler",
        "herbal_pouch"
      ],
      "metrics": {
        "runs": 3000,
        "survivalRate": 0.0026666666666666666,
        "avgFinalFloor": 14.874,
        "avgAccuracy": 0.3642983132891483,
        "avgMaxCombo": 6.408,
        "avgDPS": 21.187271064387975,
        "avgDamageTakenPerEnc": 9.275828921944758,
        "avgTurnsPerEncounter": 5.1164362720743295,
        "avgGoldEarned": 2089.498,
        "avgGoldSpent": 475.87333333333333,
        "avgUpgrades": 2.6186666666666665,
        "avgShopRelicsPurchased": 0.0016666666666666668,
        "avgActiveSynergies": 0.001,
        "avgFoodPurchased": 0.8416666666666667,
        "closeCallRate": 0,
        "overkillRate": 0,
        "avgMinHpReached": 0
      }
    },
    {
      "stage": "progression-new_player-asc10",
      "ascension": 10,
      "relics": [
        "whetstone",
        "iron_buckler",
        "herbal_pouch"
      ],
      "metrics": {
        "runs": 3000,
        "survivalRate": 0.0006666666666666666,
        "avgFinalFloor": 13.296666666666667,
        "avgAccuracy": 0.35912617136334735,
        "avgMaxCombo": 6.076666666666667,
        "avgDPS": 20.871944568598444,
        "avgDamageTakenPerEnc": 11.0524000687638,
        "avgTurnsPerEncounter": 4.917046377245022,
        "avgGoldEarned": 1785.4346666666668,
        "avgGoldSpent": 425.3906666666667,
        "avgUpgrades": 2.637,
        "avgShopRelicsPurchased": 0.0023333333333333335,
        "avgActiveSynergies": 0.0016666666666666668,
        "avgFoodPurchased": 1.0773333333333333,
        "closeCallRate": 0,
        "overkillRate": 0,
        "avgMinHpReached": 0
      }
    },
    {
      "stage": "progression-new_player-asc15",
      "ascension": 15,
      "relics": [
        "whetstone",
        "iron_buckler",
        "herbal_pouch"
      ],
      "metrics": {
        "runs": 3000,
        "survivalRate": 0,
        "avgFinalFloor": 7.3,
        "avgAccuracy": 0.3313712170148338,
        "avgMaxCombo": 3.179666666666667,
        "avgDPS": 18.580512846078005,
        "avgDamageTakenPerEnc": 8.801550209545587,
        "avgTurnsPerEncounter": 4.506981646749583,
        "avgGoldEarned": 750.118,
        "avgGoldSpent": 234.35533333333333,
        "avgUpgrades": 2.3636666666666666,
        "avgShopRelicsPurchased": 0.0006666666666666666,
        "avgActiveSynergies": 0.005333333333333333,
        "avgFoodPurchased": 0.5553333333333333,
        "closeCallRate": 0,
        "overkillRate": 0,
        "avgMinHpReached": 0
      }
    },
    {
      "stage": "progression-new_player-asc20",
      "ascension": 20,
      "relics": [
        "whetstone",
        "iron_buckler",
        "herbal_pouch"
      ],
      "metrics": {
        "runs": 3000,
        "survivalRate": 0,
        "avgFinalFloor": 4.642333333333333,
        "avgAccuracy": 0.3211313268365018,
        "avgMaxCombo": 2.896333333333333,
        "avgDPS": 17.898696293971103,
        "avgDamageTakenPerEnc": 5.205604776211194,
        "avgTurnsPerEncounter": 3.9135610735693764,
        "avgGoldEarned": 377.097,
        "avgGoldSpent": 88.92133333333334,
        "avgUpgrades": 2.537333333333333,
        "avgShopRelicsPurchased": 0.0016666666666666668,
        "avgActiveSynergies": 0.007,
        "avgFoodPurchased": 0.5676666666666667,
        "closeCallRate": 0,
        "overkillRate": 0,