{
  "meta": {
    "generatedAt": "2026-03-18T01:47:25.591Z",
    "totalRuns": 100000,
    "seedsPerConfig": 5000,
    "floors": 24,
    "elapsedMs": 302550,
    "mode": "progression"
  },
  "controlBaselines": {
    "control-regular-asc0": {
      "runs": 5000,
      "survivalRate": 0.1994,
      "avgFinalFloor": 14.5204,
      "avgAccuracy": 0.6250846938491356,
      "avgMaxCombo": 8.1572,
      "avgDPS": 21.816268036302656,
      "avgDamageTakenPerEnc": 14.06727513932178,
      "avgTurnsPerEncounter": 4.806759170918853,
      "avgGoldEarned": 2379.255,
      "avgGoldSpent": 1635.6734,
      "avgUpgrades": 13.024,
      "avgShopRelicsPurchased": 12.897,
      "avgActiveSynergies": 0.2542,
      "avgFoodPurchased": 1.572,
      "closeCallRate": 0,
      "overkillRate": 0,
      "avgMinHpReached": 0
    },
    "control-regular-asc5": {
      "runs": 5000,
      "survivalRate": 0.0668,
      "avgFinalFloor": 10.6096,
      "avgAccuracy": 0.6140829062952474,
      "avgMaxCombo": 7.4946,
      "avgDPS": 18.851467497753315,
      "avgDamageTakenPerEnc": 17.661807852900218,
      "avgTurnsPerEncounter": 5.269170650491969,
      "avgGoldEarned": 1517.9056,
      "avgGoldSpent": 1104.2708,
      "avgUpgrades": 9.08,
      "avgShopRelicsPurchased": 8.18,
      "avgActiveSynergies": 0.1444,
      "avgFoodPurchased": 0.9832,
      "closeCallRate": 0,
      "overkillRate": 0,
      "avgMinHpReached": 0
    },
    "control-regular-asc10": {
      "runs": 5000,
      "survivalRate": 0.0182,
      "avgFinalFloor": 8.4868,
      "avgAccuracy": 0.6078949312045071,
      "avgMaxCombo": 6.7174,
      "avgDPS": 17.518822647537974,
      "avgDamageTakenPerEnc": 20.493695853045757,
      "avgTurnsPerEncounter": 5.124571723794255,
      "avgGoldEarned": 1068.781,
      "avgGoldSpent": 779.0318,
      "avgUpgrades": 6.9278,
      "avgShopRelicsPurchased": 5.544,
      "avgActiveSynergies": 0.0768,
      "avgFoodPurchased": 0.9086,
      "closeCallRate": 0,
      "overkillRate": 0,
      "avgMinHpReached": 0
    },
    "control-regular-asc15": {
      "runs": 5000,
      "survivalRate": 0,
      "avgFinalFloor": 3.1904,
      "avgAccuracy": 0.589271924399091,
      "avgMaxCombo": 2.7528,
      "avgDPS": 13.380728353118315,
      "avgDamageTakenPerEnc": 18.39753804056251,
      "avgTurnsPerEncounter": 4.789650028440878,
      "avgGoldEarned": 199.7136,
      "avgGoldSpent": 121.956,
      "avgUpgrades": 1.9348,
      "avgShopRelicsPurchased": 0.5114,
      "avgActiveSynergies": 0.002,
      "avgFoodPurchased": 0.3786,
      "closeCallRate": 0,
      "overkillRate": 0,
      "avgMinHpReached": 0
    },
    "control-regular-asc20": {
      "runs": 5000,
      "survivalRate": 0,
      "avgFinalFloor": 1,
      "avgAccuracy": 0.5599163163445484,
      "avgMaxCombo": 0.5886,
      "avgDPS": 6.341333333333333,
      "avgDamageTakenPerEnc": 0.0259,
      "avgTurnsPerEncounter": 1.0129666666666668,
      "avgGoldEarned": 0.1232,
      "avgGoldSpent": 0,
      "avgUpgrades": 0,
      "avgShopRelicsPurchased": 0,
      "avgActiveSynergies": 0,
      "avgFoodPurchased": 0,
      "closeCallRate": 0,
      "overkillRate": 0,
      "avgMinHpReached": 0
    }
  },
  "soloRelicImpact": [],
  "comboAnalysis": [],
  "buildPerformance": [],
  "skillFairness": [],
  "progressionCurve": [
    {
      "stage": "progression-new_player-asc0",
      "ascension": 0,
      "relics": [
        "whetstone",
        "iron_buckler",
        "herbal_pouch"
      ],
      "metrics": {
        "runs": 5000,
        "survivalRate": 0.6772,
        "avgFinalFloor": 23.2788,
        "avgAccuracy": 0.6563289720518241,
        "avgMaxCombo": 10.4934,
        "avgDPS": 37.36350610699824,
        "avgDamageTakenPerEnc": 4.358887409508548,
        "avgTurnsPerEncounter": 3.294269226207736,
        "avgGoldEarned": 4620.1246,
        "avgGoldSpent": 2922.93,
        "avgUpgrades": 22.4832,
        "avgShopRelicsPurchased": 24.0938,
        "avgActiveSynergies": 0.6564,
        "avgFoodPurchased": 2.8026,
        "closeCallRate": 0,
        "overkillRate": 0,
        "avgMinHpReached": 0
      }
    },
    {
      "stage": "progression-new_player-asc5",
      "ascension": 5,
      "relics": [
        "whetstone",
        "iron_buckler",
        "herbal_pouch"
      ],
      "metrics": {
        "runs": 5000,
        "survivalRate": 0.4954,
        "avgFinalFloor": 22.4702,
        "avgAccuracy": 0.6544492382789553,
        "avgMaxCombo": 10.8608,
        "avgDPS": 36.621731599713584,
        "avgDamageTakenPerEnc": 4.9943017838794495,
        "avgTurnsPerEncounter": 3.5815508248641548,
        "avgGoldEarned": 4348.8788,
        "avgGoldSpent": 2894.6774,
        "avgUpgrades": 21.2706,
        "avgShopRelicsPurchased": 22.9452,
        "avgActiveSynergies": 0.6134,
        "avgFoodPurchased": 2.4212,
        "closeCallRate": 0,
        "overkillRate": 0,
        "avgMinHpReached": 0
      }
    },
    {
      "stage": "progression-new_player-asc10",
      "ascension": 10,
      "relics": [
        "whetstone",
        "iron_buckler",
        "herbal_pouch"
      ],
      "metrics": {
        "runs": 5000,
        "survivalRate": 0.2818,
        "avgFinalFloor": 20.8772,
        "avgAccuracy": 0.6511483137882159,
        "avgMaxCombo": 10.1128,
        "avgDPS": 36.04229281899555,
        "avgDamageTakenPerEnc": 6.47435191072059,
        "avgTurnsPerEncounter": 3.462262027869022,
        "avgGoldEarned": 3813.8782,
        "avgGoldSpent": 2597.19,
        "avgUpgrades": 19.3594,
        "avgShopRelicsPurchased": 20.4106,
        "avgActiveSynergies": 0.4954,
        "avgFoodPurchased": 2.1392,
        "closeCallRate": 0,
        "overkillRate": 0,
        "avgMinHpReached": 0
      }
    },
    {
      "stage": "progression-new_player-asc15",
      "ascension": 15,
      "relics": [
        "whetstone",
        "iron_buckler",
        "herbal_pouch"
      ],
      "metrics": {
        "runs": 5000,
        "survivalRate": 0.002,
        "avgFinalFloor": 14.6948,
        "avgAccuracy": 0.6376848098249694,
        "avgMaxCombo": 3.4926,
        "avgDPS": 32.88032455313834,
        "avgDamageTakenPerEnc": 5.50422149485054,
        "avgTurnsPerEncounter": 3.1956985480654954,
        "avgGoldEarned": 1962.5942,
        "avgGoldSpent": 1550.6218,
        "avgUpgrades": 13.143,
        "avgShopRelicsPurchased": 11.7396,
        "avgActiveSynergies": 0.1898,
        "avgFoodPurchased": 0.796,
        "closeCallRate": 0,
        "overkillRate": 0,
        "avgMinHpReached": 0
      }
    },
    {
      "stage": "progression-new_player-asc20",
      "ascension": 20,
      "relics": [
        "whetstone",
        "iron_buckler",
        "herbal_pouch"
      ],
      "metrics": {
        "runs": 5000,
        "survivalRate": 0,
        "avgFinalFloor": 1.0264,
        "avgAccuracy": 0.557873322977411,
        "avgMaxCombo": 0.642,
        "avgDPS": 14.493798095238098,
        "avgDamageTakenPerEnc": 0.004633333333333333,
        "avgTurnsPerEncounter": 1.0086333333333333,
        "avgGoldEarned": 6.0064,
        "avgGoldSpent": 0.7228,
        "avgUpgrades": 0.0194,
        "avgShopRelicsPurchased": 0.0002,
        "avgActiveSynergies": 0,
        "avgFoodPurchased": 0.0148,
        "closeCallRate": 0,
        "overkillRate": 0,
        "avgMinHpReached": 0
      }
    },
    {
      "stage": "progression-mid_unlock-asc0",
      "ascension": 0,
      "relics": [
        "whetstone",
        "iron_buckler",
        "swift_boots",
        "fortress_wall",
        "blood_pact",
        "afterimage"
      ],
      "metrics": {
        "runs": 5000,
        "survivalRate": 0.9984,
        "avgFinalFloor": 23.9978,
        "avgAccuracy": 0.6610897871611803,
        "avgMaxCombo": 9.6424,
        "avgDPS": 41.37263699852545,
        "avgDamageTakenPerEnc": 1.7792195394589736,
        "avgTurnsPerEncounter": 3.016785820478424,
        "avgGoldEarned": 4924.9616,
        "avgGoldSpent": 3043.8742,
        "avgUpgrades": 23.9878,